id,wid,timestamp,title,appeal
81a2a536-563f-11eb-afd7-784f4355e448,100,1610611632278,ren-shinjuku.com,3
846456ca-563f-11eb-9a88-784f4355e448,7,1610611636902,news.yahoo.co.jp,5
873110e6-563f-11eb-b0cb-784f4355e448,150,1610611641600,bilibili.com,5
8a17a96e-563f-11eb-8dea-784f4355e448,64,1610611646466,blog.sciencenet.cn,5
8cc209e8-563f-11eb-b745-784f4355e448,63,1610611650938,capcom.co.jp,5
8fa6031c-563f-11eb-aadc-784f4355e448,92,1610611655788,ironwork.jp,5
39cbf43a-5640-11eb-85a4-784f4355e448,63,1610611941249,capcom.co.jp,5
3c7fa61a-5640-11eb-b7cf-784f4355e448,105,1610611945782,sundaico.co.jp,5
3f16f680-5640-11eb-90d0-784f4355e448,24,1610611950129,jiqimao.tv,5
418a5ba8-5640-11eb-86a5-784f4355e448,36,1610611954241,cps.com.cn,5
447ec076-5640-11eb-b549-784f4355e448,133,1610611959198,sekimoto.dental,5
472ca50c-5640-11eb-b3a6-784f4355e448,27,1610611963693,runoob.com,7
4bb57b00-5640-11eb-a649-784f4355e448,45,1610611971301,hexo.io,5
5b6e6dd8-5640-11eb-b19d-784f4355e448,51,1610611997679,guidetojapanese.org,5
63ff533e-5640-11eb-b01d-784f4355e448,75,1610612012050,guzen.biz,5
68de1a8c-5640-11eb-b071-784f4355e448,68,1610612020221,360.cn,5
6ebc692e-5640-11eb-a746-784f4355e448,86,1610612030066,buenosairesbakery.com.ar,5
a8f79654-5640-11eb-a26e-784f4355e448,48,1610612127762,yatani.jp,4
abaf5a30-5640-11eb-a469-784f4355e448,121,1610612132322,oiax.jp,5
ae691b62-5640-11eb-bb99-784f4355e448,1,1610612136895,theborneopost.com,7
id,wid,timestamp,title,appeal
30c0dac2-5660-11eb-a8b9-784f4355e448,117,1610625669972,gmo.jp,4
3339eeec-5660-11eb-ba9e-784f4355e448,22,1610625674121,jcr.incites.thomsonreuters.com,5
3599aeac-5660-11eb-b188-784f4355e448,122,1610625678104,paiza.jp,5
82688da2-5660-11eb-88ba-784f4355e448,8,1610625806976,huxiu.com,5
84d392b4-5660-11eb-8aad-784f4355e448,73,1610625811023,designmodo.com,6
87278e9c-5660-11eb-b29c-784f4355e448,0,1610625814929,theboneandjointcenter.com,5
8994c140-5660-11eb-b60f-784f4355e448,151,1610625819000,nicovideo.jp,4
8bef7782-5660-11eb-9d07-784f4355e448,92,1610625822950,ironwork.jp,5
8e6c190c-5660-11eb-b130-784f4355e448,14,1610625827123,microsoft.com,7
90d0f33e-5660-11eb-a538-784f4355e448,26,1610625831139,bootcdn.cn,6
932f3ea6-5660-11eb-a24e-784f4355e448,81,1610625835112,usabilitygeek.com,4
9579dc3e-5660-11eb-ac1d-784f4355e448,62,1610625838957,jp.techcrunch.com,5
97c58588-5660-11eb-9b4e-784f4355e448,68,1610625842808,360.cn,6
